[{"fullname":"Bettine Rouke","email":"brouke0@europa.eu","mobile":"(304) 2785184","department":"12","address":"52 Bowman Plaza","image":"https://images.pexels.com/photos/7932227/pexels-photo-7932227.jpeg?auto=compress&cs=tinysrgb&w=1260&h=750&dpr=1"},
{"fullname":"Gustavo Buckett","email":"gbuckett1@merriam-webster.com","mobile":"(383) 5005345","department":"12","address":"44 Corry Alley","image":"https://images.pexels.com/photos/7029081/pexels-photo-7029081.jpeg?auto=compress&cs=tinysrgb&w=1260&h=750&dpr=1"},
{"fullname":"Teodoor Gerrish","email":"tgerrish2@google.ca","mobile":"(562) 9763368","department":"10","address":"7429 Lindbergh Terrace","image":"https://images.pexels.com/photos/6652928/pexels-photo-6652928.jpeg?auto=compress&cs=tinysrgb&w=1260&h=750&dpr=1"},
{"fullname":"Chane Royds","email":"croyds3@shareasale.com","mobile":"(208) 4490493","department":"11","address":"8 Green Ridge Crossing","image":"https://images.pexels.com/photos/4693311/pexels-photo-4693311.jpeg?auto=compress&cs=tinysrgb&w=1260&h=750&dpr=1"},
{"fullname":"Michael Hatherall","email":"mhatherall4@eventbrite.com","mobile":"(927) 6425467","department":"12","address":"588 Northridge Trail","image":"https://images.pexels.com/photos/6948605/pexels-photo-6948605.jpeg?auto=compress&cs=tinysrgb&w=1260&h=750&dpr=1"},
{"fullname":"Gerik Toop","email":"gtoop5@dailymail.co.uk","mobile":"(216) 3956915","department":"10","address":"11 Sommers Parkway","image":"https://images.pexels.com/photos/7646458/pexels-photo-7646458.jpeg?auto=compress&cs=tinysrgb&w=1260&h=750&dpr=1"},
{"fullname":"Bevin Clogg","email":"bclogg6@craigslist.org","mobile":"(890) 8050581","department":"11","address":"96168 Nova Hill","image":"https://images.pexels.com/photos/7222678/pexels-photo-7222678.jpeg?auto=compress&cs=tinysrgb&w=1260&h=750&dpr=1"},
{"fullname":"Sauveur Ablett","email":"sablett7@wikimedia.org","mobile":"(964) 2389925","department":"11","address":"5 Straubel Center","image":"https://images.pexels.com/photos/7537888/pexels-photo-7537888.jpeg?auto=compress&cs=tinysrgb&w=1260&h=750&dpr=1"},
{"fullname":"Elisabetta Curdell","email":"ecurdell8@blog.com","mobile":"(717) 5622722","department":"11","address":"5 Cardinal Drive","image":"http://dummyimage.com/181x100.png/ff4444/ffffff"},
{"fullname":"Kirsten Leeburn","email":"kleeburn9@dmoz.org","mobile":"(143) 8552712","department":"10","address":"92280 Swallow Street","image":"https://images.pexels.com/photos/6110161/pexels-photo-6110161.jpeg?auto=compress&cs=tinysrgb&w=1260&h=750&dpr=1"},
{"fullname":"Jeniece Smalman","email":"jsmalmana@blogspot.com","mobile":"(685) 2079098","department":"9","address":"80974 Brentwood Trail","image":"https://images.pexels.com/photos/5804223/pexels-photo-5804223.jpeg?auto=compress&cs=tinysrgb&w=1260&h=750&dpr=1"},
{"fullname":"Carver Dearlove","email":"cdearloveb@google.co.jp","mobile":"(212) 9819260","department":"11","address":"2434 David Way","image":"https://images.pexels.com/photos/5804257/pexels-photo-5804257.jpeg?auto=compress&cs=tinysrgb&w=1260&h=750&dpr=1"},
{"fullname":"Benni Summerscales","email":"bsummerscalesc@oracle.com","mobile":"(475) 9755596","department":"10","address":"65 Warrior Hill","image":"https://images.pexels.com/photos/5821482/pexels-photo-5821482.jpeg?auto=compress&cs=tinysrgb&w=1260&h=750&dpr=1"},
{"fullname":"Natty Goodere","email":"ngoodered@sakura.ne.jp","mobile":"(912) 8196689","department":"11","address":"12 Heath Parkway","image":"https://images.pexels.com/photos/4884417/pexels-photo-4884417.jpeg?auto=compress&cs=tinysrgb&w=1260&h=750&dpr=1"},
{"fullname":"Waly Kuhn","email":"wkuhne@rediff.com","mobile":"(935) 6577185","department":"12","address":"83 Declaration Point","image":"https://images.pexels.com/photos/4884417/pexels-photo-4884417.jpeg?auto=compress&cs=tinysrgb&w=1260&h=750&dpr=1"},
{"fullname":"Walden Heck","email":"wheckf@bing.com","mobile":"(250) 9571173","department":"11","address":"40180 Melrose Drive","image":"https://images.pexels.com/photos/5273755/pexels-photo-5273755.jpeg?auto=compress&cs=tinysrgb&w=1260&h=750&dpr=1"},
{"fullname":"Say Bartkiewicz","email":"sbartkiewiczg@blogspot.com","mobile":"(360) 8443096","department":"9","address":"01 Springs Circle","image":"https://images.pexels.com/photos/5275516/pexels-photo-5275516.jpeg?auto=compress&cs=tinysrgb&w=1260&h=750&dpr=1"},
{"fullname":"Burtie Gianiello","email":"bgianielloh@creativecommons.org","mobile":"(536) 9427364","department":"10","address":"8463 Quincy Lane","image":"https://images.pexels.com/photos/4757976/pexels-photo-4757976.jpeg?auto=compress&cs=tinysrgb&w=1260&h=750&dpr=1"},
{"fullname":"Dario Japp","email":"djappi@jigsy.com","mobile":"(751) 6428878","department":"10","address":"42514 Nelson Center","image":"https://images.pexels.com/photos/5588216/pexels-photo-5588216.jpeg?auto=compress&cs=tinysrgb&w=1260&h=750&dpr=1"},
{"fullname":"Freddie Corradengo","email":"fcorradengoj@networkadvertising.org","mobile":"(104) 3158099","department":"10","address":"99022 Fremont Road","image":"http://dummyimage.com/132x100.png/ff4444/ffffff"}]